noongar,english,source_url
Aliwa!,look out!,https://www.wirlomin.com.au/language-list/
Ana,question,https://www.wirlomin.com.au/language-list/
Ba,"and, perhaps",https://www.wirlomin.com.au/language-list/
Baakan,to bite,https://www.wirlomin.com.au/language-list/
Baakaniny,biting,https://www.wirlomin.com.au/language-list/
Baal,"he, she, it",https://www.wirlomin.com.au/language-list/
Baalang,"he/she-with; his, hers, its",https://www.wirlomin.com.au/language-list/
Baalap,they,https://www.wirlomin.com.au/language-list/
"Baaloorl, Baalaritj, Baalar","hidden, vanished",https://www.wirlomin.com.au/language-list/
"Baam, Bamin","to hit, strike, put",https://www.wirlomin.com.au/language-list/
Baamany,"striking, putting",https://www.wirlomin.com.au/language-list/
Baan,exposed,https://www.wirlomin.com.au/language-list/
"Baarang, Paarang","branches are used to make camp, bed and table",https://www.wirlomin.com.au/language-list/
Baboor,sound of water and movement,https://www.wirlomin.com.au/language-list/
Bakidjiny,fighting,https://www.wirlomin.com.au/language-list/
Bakitj,to fight,https://www.wirlomin.com.au/language-list/
Banya,sweat,https://www.wirlomin.com.au/language-list/
Barang,"to grab, to sieze",https://www.wirlomin.com.au/language-list/
Baranginy,grabbing,https://www.wirlomin.com.au/language-list/
Bard,start; start-up; jump,https://www.wirlomin.com.au/language-list/
Bardang,to jump,https://www.wirlomin.com.au/language-list/
Bardanginy,jumping,https://www.wirlomin.com.au/language-list/
Bardiny,start up,https://www.wirlomin.com.au/language-list/
"Bayny, Payny","wild strawberry, pigface. Very nice to eat",https://www.wirlomin.com.au/language-list/
Benang,tomorrow,https://www.wirlomin.com.au/language-list/
Bibi,breast,https://www.wirlomin.com.au/language-list/
Bidj,dry,https://www.wirlomin.com.au/language-list/
"Biet, Birt","path, sinew, vein",https://www.wirlomin.com.au/language-list/
"Birnyidi, Birndi","unmarried, unbetrothed",https://www.wirlomin.com.au/language-list/
Bo,afar,https://www.wirlomin.com.au/language-list/
Boi,rock,https://www.wirlomin.com.au/language-list/
"Bokal, Bokatj",far away,https://www.wirlomin.com.au/language-list/
Bokidja,"over there, distant",https://www.wirlomin.com.au/language-list/
Boodja,"earth, sand, country",https://www.wirlomin.com.au/language-list/
Bookal,"back, wave, mound",https://www.wirlomin.com.au/language-list/
Bookal dandanginy,climbing down,https://www.wirlomin.com.au/language-list/
Boolarang,many (emphatically),https://www.wirlomin.com.au/language-list/
Boon,kiss,https://www.wirlomin.com.au/language-list/
Boorda,"later, by-and-by",https://www.wirlomin.com.au/language-list/
"Boorn, Born","tree, wood, stick",https://www.wirlomin.com.au/language-list/
"Booting, Pooting",small sweet pigface,https://www.wirlomin.com.au/language-list/
Bordak,"next to, close",https://www.wirlomin.com.au/language-list/
Bwooar,inside,https://www.wirlomin.com.au/language-list/
Daa,"mouth, language",https://www.wirlomin.com.au/language-list/
"Daalal, Daaliny, Taaliny",tongue,https://www.wirlomin.com.au/language-list/
"Daatj, Datj",meat,https://www.wirlomin.com.au/language-list/
Dabakarn,slowly,https://www.wirlomin.com.au/language-list/
Dalyal,green leaves,https://www.wirlomin.com.au/language-list/
"Dalyerak, Talyerak, Tjaltjraak","blue mallee, grows pink flowers",https://www.wirlomin.com.au/language-list/
"Dandang, Djandang",to climb,https://www.wirlomin.com.au/language-list/
Dandanginy,climbing,https://www.wirlomin.com.au/language-list/
Darep,"enter, inside",https://www.wirlomin.com.au/language-list/
Darlanginy,"chase, chasing",https://www.wirlomin.com.au/language-list/
Darlanginy wun,"following, pursuing (emphasis)",https://www.wirlomin.com.au/language-list/
Dat,quiet,https://www.wirlomin.com.au/language-list/
Dat nyin,quietly sit; be quiet,https://www.wirlomin.com.au/language-list/
Dawool,thigh,https://www.wirlomin.com.au/language-list/
"Dekin, Dakarn",break,https://www.wirlomin.com.au/language-list/
Deman,"grandparent, ancestor",https://www.wirlomin.com.au/language-list/
Demangka,grandparents; the old people,https://www.wirlomin.com.au/language-list/
Demi,grandparent,https://www.wirlomin.com.au/language-list/
Dookeniny,"cooking, fixing",https://www.wirlomin.com.au/language-list/
Dowak,waddy,https://www.wirlomin.com.au/language-list/
Doyntj-Doyntj,together,https://www.wirlomin.com.au/language-list/
Djaanak,"ghost, spirit",https://www.wirlomin.com.au/language-list/
"Djen, Tjien",foot,https://www.wirlomin.com.au/language-list/
Djenawirdoo,foot-tired,https://www.wirlomin.com.au/language-list/
Djerang-apiny,fat-becoming,https://www.wirlomin.com.au/language-list/
Djert,little bird,https://www.wirlomin.com.au/language-list/
"Dji-ak, Tji-ak","round leaf, has sweet (pink) berries",https://www.wirlomin.com.au/language-list/
Djil,green leaves,https://www.wirlomin.com.au/language-list/
Djinang,"to see, to look",https://www.wirlomin.com.au/language-list/
Djinanginy,"seeing, looking",https://www.wirlomin.com.au/language-list/
"Djirrdi, Tjirrdi",feathers,https://www.wirlomin.com.au/language-list/
"Djoorl, Tjoorl","sweet bulb found in ground, round leaf",https://www.wirlomin.com.au/language-list/
Dwongk-kaditj,"hear, understand",https://www.wirlomin.com.au/language-list/
Dwongka-bt,"deaf, lit. ear-without",https://www.wirlomin.com.au/language-list/
Dwoordbaalkaat,seal (lit. 'dog his head'),https://www.wirlomin.com.au/language-list/
"Dwoort, Twoort",dog,https://www.wirlomin.com.au/language-list/
Kaaditjiny,understanding,https://www.wirlomin.com.au/language-list/
Kaarl,fire,https://www.wirlomin.com.au/language-list/
Kaarl-maat,firestick (lit. fire-leg),https://www.wirlomin.com.au/language-list/
Kaarlak,home,https://www.wirlomin.com.au/language-list/
Kaarlang,fire-with,https://www.wirlomin.com.au/language-list/
Kaat,head,https://www.wirlomin.com.au/language-list/
Kaaw,laugh,https://www.wirlomin.com.au/language-list/
Kaawiny,laughing,https://www.wirlomin.com.au/language-list/
Kaditj-bt,ignorant (lit. understanding-without),https://www.wirlomin.com.au/language-list/
Kalyakoorl,"forever, always",https://www.wirlomin.com.au/language-list/
Kamak,"long fruit that's found on vines, good to eat when ripe",https://www.wirlomin.com.au/language-list/
Kamp,gather,https://www.wirlomin.com.au/language-list/
Karang,angry,https://www.wirlomin.com.au/language-list/
Karep,hole,https://www.wirlomin.com.au/language-list/
Karlang,hot,https://www.wirlomin.com.au/language-list/
Kaya,yes,https://www.wirlomin.com.au/language-list/
Kayep,water,https://www.wirlomin.com.au/language-list/
Kebalyang,soaking wet,https://www.wirlomin.com.au/language-list/
Kediny,"carry, carrying",https://www.wirlomin.com.au/language-list/
Ken-wabiny,singing (lit. dance-playing),https://www.wirlomin.com.au/language-list/
"Ken, Kan",dance,https://www.wirlomin.com.au/language-list/
Keniny,dancing,https://www.wirlomin.com.au/language-list/
Keny,"one, alone",https://www.wirlomin.com.au/language-list/
Kep-miny,water-like,https://www.wirlomin.com.au/language-list/
Kerl,boomerang,https://www.wirlomin.com.au/language-list/
Kert-kert,"quickly, fast",https://www.wirlomin.com.au/language-list/
Kiiny,"none, nothing",https://www.wirlomin.com.au/language-list/
Kitj,spear,https://www.wirlomin.com.au/language-list/
Koboorl-wirt,"hungry, weak (lit. stomach-empty)",https://www.wirlomin.com.au/language-list/
Kokandjeri,sheep,https://www.wirlomin.com.au/language-list/
Kokon,wait,https://www.wirlomin.com.au/language-list/
Kongk,uncle,https://www.wirlomin.com.au/language-list/
Koodjal,two,https://www.wirlomin.com.au/language-list/
Koomal,possum,https://www.wirlomin.com.au/language-list/
Koombar,big,https://www.wirlomin.com.au/language-list/
Koora,"back, long ago",https://www.wirlomin.com.au/language-list/
Koordamaat,sweetheart,https://www.wirlomin.com.au/language-list/
Koording,wild carrot,https://www.wirlomin.com.au/language-list/
Koorep,"grows on vines, eat any time",https://www.wirlomin.com.au/language-list/
Koorl,"move, go",https://www.wirlomin.com.au/language-list/
Koorli,bush turkey,https://www.wirlomin.com.au/language-list/
Koorliny,going,https://www.wirlomin.com.au/language-list/
Koorrbiirt,"toadstool, mushroom",https://www.wirlomin.com.au/language-list/
Koort,heart,https://www.wirlomin.com.au/language-list/
"Koramaya, Mayakora",echo,https://www.wirlomin.com.au/language-list/
Korl,again,https://www.wirlomin.com.au/language-list/
Kornt,hut,https://www.wirlomin.com.au/language-list/
Kwadjangan,"before, in front of",https://www.wirlomin.com.au/language-list/
Kweidji,skinny,https://www.wirlomin.com.au/language-list/
Kwetj-miny,thin (bone like),https://www.wirlomin.com.au/language-list/
Kwoka,quoka,https://www.wirlomin.com.au/language-list/
Kwondong,"wild cherry, wild peach",https://www.wirlomin.com.au/language-list/
Kwoor,wallaby,https://www.wirlomin.com.au/language-list/
Kwop,good,https://www.wirlomin.com.au/language-list/
Kwopidak,"very good , pretty",https://www.wirlomin.com.au/language-list/
Kwordidjiny,throwing,https://www.wirlomin.com.au/language-list/
Kworditj,to throw,https://www.wirlomin.com.au/language-list/
Maalak,"shadow, shade, bush",https://www.wirlomin.com.au/language-list/
Maam,man,https://www.wirlomin.com.au/language-list/
"Maambanal, Maambakoort, Maambangat, Mambaral","ocean, or associated with the ocean",https://www.wirlomin.com.au/language-list/
Maar,"wind, air, atmosphere, five, hand, finger",https://www.wirlomin.com.au/language-list/
Maarndi,young woman,https://www.wirlomin.com.au/language-list/
Maarr,"wind, cloud",https://www.wirlomin.com.au/language-list/
Maat,leg,https://www.wirlomin.com.au/language-list/
Mal,"very sweet to ear when ripe, grows on the ground of prickly bushes",https://www.wirlomin.com.au/language-list/
"Malkar, Malgar","magic, thunder",https://www.wirlomin.com.au/language-list/
Mamang,whale,https://www.wirlomin.com.au/language-list/
Mambakoort,ocean,https://www.wirlomin.com.au/language-list/
Mambangat,ocean,https://www.wirlomin.com.au/language-list/
Mambara,"spirit creature, little man",https://www.wirlomin.com.au/language-list/
Mandorl,cloudy,https://www.wirlomin.com.au/language-list/
"Mandornap, Mandoobornap",Frenchman's Peak,https://www.wirlomin.com.au/language-list/
Mar,hand,https://www.wirlomin.com.au/language-list/
Marak,arm,https://www.wirlomin.com.au/language-list/
"Maya, Maay, Maaya",sound,https://www.wirlomin.com.au/language-list/
Mereny,"food, vegetable",https://www.wirlomin.com.au/language-list/
Miilyep,fungus that grows on jarrah trees,https://www.wirlomin.com.au/language-list/
Min min,small flat white fungus that also grows on trees and shows light on dark nights,https://www.wirlomin.com.au/language-list/
Minditj,ill,https://www.wirlomin.com.au/language-list/
Mirnitj,face,https://www.wirlomin.com.au/language-list/
Miyen,small red bitter onion,https://www.wirlomin.com.au/language-list/
Moorditj,strong,https://www.wirlomin.com.au/language-list/
Moorlan,back (anatomical),https://www.wirlomin.com.au/language-list/
Moort,family,https://www.wirlomin.com.au/language-list/
Moyer,nephew,https://www.wirlomin.com.au/language-list/
Naadjal,why,https://www.wirlomin.com.au/language-list/
Naan,stop,https://www.wirlomin.com.au/language-list/
Naatj,what,https://www.wirlomin.com.au/language-list/
Nadjil,"why, what for",https://www.wirlomin.com.au/language-list/
Nan,"stay, stop",https://www.wirlomin.com.au/language-list/
Nanup,camp,https://www.wirlomin.com.au/language-list/
Nidja,"this, that",https://www.wirlomin.com.au/language-list/
"Nirnt, Nirrnt",tail,https://www.wirlomin.com.au/language-list/
Nookert,sleep,https://www.wirlomin.com.au/language-list/
Noongar,"person, man",https://www.wirlomin.com.au/language-list/
Norlak,shade-of,https://www.wirlomin.com.au/language-list/
Noytj,dead,https://www.wirlomin.com.au/language-list/
Ngaamar-miny,waterhole-like,https://www.wirlomin.com.au/language-list/
Ngaan,to eat,https://www.wirlomin.com.au/language-list/
Ngaanalangayny,all eating together,https://www.wirlomin.com.au/language-list/
Ngaangk,"mother, sun",https://www.wirlomin.com.au/language-list/
Ngaarniny,eating,https://www.wirlomin.com.au/language-list/
Ngaat,beside,https://www.wirlomin.com.au/language-list/
Ngad,"down, below",https://www.wirlomin.com.au/language-list/
Ngainy,"I, me",https://www.wirlomin.com.au/language-list/
Ngala,"we, us",https://www.wirlomin.com.au/language-list/
Ngalak,we,https://www.wirlomin.com.au/language-list/
Ngan,"my, mine, me",https://www.wirlomin.com.au/language-list/
Nganalang,mine (emphasis),https://www.wirlomin.com.au/language-list/
Nganang,mine (lit. me-with),https://www.wirlomin.com.au/language-list/
Ngany,me,https://www.wirlomin.com.au/language-list/
Ngarda,beneath,https://www.wirlomin.com.au/language-list/
Ngardang,"hunt, search, track",https://www.wirlomin.com.au/language-list/
Ngardanginy,hunting,https://www.wirlomin.com.au/language-list/
Ngardi,down,https://www.wirlomin.com.au/language-list/
Ngari,salmon,https://www.wirlomin.com.au/language-list/
Ngat,beside,https://www.wirlomin.com.au/language-list/
Ngayanginy,screaming,https://www.wirlomin.com.au/language-list/
Ngaytj,I,https://www.wirlomin.com.au/language-list/
Ngedik,sap of the yate tree. very sweet,https://www.wirlomin.com.au/language-list/
Ngolang,after,https://www.wirlomin.com.au/language-list/
Ngoon,brother,https://www.wirlomin.com.au/language-list/
Ngoorndiny,"laying down, reclining, lying",https://www.wirlomin.com.au/language-list/
Ngoornt,lay down,https://www.wirlomin.com.au/language-list/
Ngweren,beautiful,https://www.wirlomin.com.au/language-list/
Ngwerenbiny,becoming beautiful (ngerany),https://www.wirlomin.com.au/language-list/
Nyidiny,cold,https://www.wirlomin.com.au/language-list/
Nyin,"to sit, to be",https://www.wirlomin.com.au/language-list/
Nyindi,shaved sticks?,https://www.wirlomin.com.au/language-list/
Nyinelangayny,"all together sitting, being",https://www.wirlomin.com.au/language-list/
Nyininy,"sitting, being",https://www.wirlomin.com.au/language-list/
Nyirnem,grows on vines with a nutty taste,https://www.wirlomin.com.au/language-list/
Nyoodan,sand hills,https://www.wirlomin.com.au/language-list/
Nyoolanga,you all ?,https://www.wirlomin.com.au/language-list/
Nyoonak,your,https://www.wirlomin.com.au/language-list/
Nyoonang,yours; lit. you-with,https://www.wirlomin.com.au/language-list/
Nyoondok,you,https://www.wirlomin.com.au/language-list/
Waabiny,playing,https://www.wirlomin.com.au/language-list/
Waadam,to kill,https://www.wirlomin.com.au/language-list/
"Waalitj, Waarlitj",eagle,https://www.wirlomin.com.au/language-list/
Waam,"stranger, other",https://www.wirlomin.com.au/language-list/
"Waanan, Waan","creep, sneak, drop",https://www.wirlomin.com.au/language-list/
Waangananga,speaking a lot,https://www.wirlomin.com.au/language-list/
Waangk,"to speak, to say, to talk",https://www.wirlomin.com.au/language-list/
Waangkelanginy,all talking together,https://www.wirlomin.com.au/language-list/
Waangkiny,"speaking, talking",https://www.wirlomin.com.au/language-list/
Waaniny,"creeping, sneaking",https://www.wirlomin.com.au/language-list/
Waardiny,searching,https://www.wirlomin.com.au/language-list/
Waariny,hanging,https://www.wirlomin.com.au/language-list/
Waarip,"wave, sea, depression between two waves",https://www.wirlomin.com.au/language-list/
"Wadarn, Wardarn","ocean, sea",https://www.wirlomin.com.au/language-list/
Wadjela,"white person, non-Aboriginal",https://www.wirlomin.com.au/language-list/
Walang-walanginy,"singing, crying out, yelling",https://www.wirlomin.com.au/language-list/
Walang-walanginy,"howling, singing",https://www.wirlomin.com.au/language-list/
Waliny,crying,https://www.wirlomin.com.au/language-list/
Walyemara,sweet bulb with one long leaf,https://www.wirlomin.com.au/language-list/
Wara,bad,https://www.wirlomin.com.au/language-list/
"Warany, Wariny",hanging,https://www.wirlomin.com.au/language-list/
Wardi,wild parsnip,https://www.wirlomin.com.au/language-list/
Wari,"tall, long, slender, wiry",https://www.wirlomin.com.au/language-list/
"Weiran, weirn",spirit,https://www.wirlomin.com.au/language-list/
Wer,and,https://www.wirlomin.com.au/language-list/
Wetj,emu,https://www.wirlomin.com.au/language-list/
Weyarn,afraid,https://www.wirlomin.com.au/language-list/
Widjar,different,https://www.wirlomin.com.au/language-list/
Wierdiny,"going down, falling",https://www.wirlomin.com.au/language-list/
Windja,where,https://www.wirlomin.com.au/language-list/
Winyarn,"weak, pitiful",https://www.wirlomin.com.au/language-list/
"Wiranwoi, Wira",twisting,https://www.wirlomin.com.au/language-list/
Wirlo,curlew,https://www.wirlomin.com.au/language-list/
Woitj,grass,https://www.wirlomin.com.au/language-list/
Woon,(emphasis),https://www.wirlomin.com.au/language-list/
Woora,"far, far away",https://www.wirlomin.com.au/language-list/
Woordiny,vacant ant hill,https://www.wirlomin.com.au/language-list/
Wooriny,long,https://www.wirlomin.com.au/language-list/
Wort,away,https://www.wirlomin.com.au/language-list/
Wort-bili,that side,https://www.wirlomin.com.au/language-list/
Wort-koorl,go away,https://www.wirlomin.com.au/language-list/
Yaak-ngat,"stand next to, against",https://www.wirlomin.com.au/language-list/
Yaakiny,standing,https://www.wirlomin.com.au/language-list/
"Yaang, Yoongama",to give,https://www.wirlomin.com.au/language-list/
Yaanginy,giving,https://www.wirlomin.com.au/language-list/
Yala,wait,https://www.wirlomin.com.au/language-list/
Yeyi,now,https://www.wirlomin.com.au/language-list/
Yiardiny,sing,https://www.wirlomin.com.au/language-list/
Yira,high,https://www.wirlomin.com.au/language-list/
Yirangitja,up high,https://www.wirlomin.com.au/language-list/
"Yok, York, Yorka",woman,https://www.wirlomin.com.au/language-list/
Yokanbindi,young woman,https://www.wirlomin.com.au/language-list/
Yongka,kangaroo,https://www.wirlomin.com.au/language-list/
Yooak,wild potatoes,https://www.wirlomin.com.au/language-list/
Yoorlyang,kangaroo berries,https://www.wirlomin.com.au/language-list/
Yoowarl,"come hither, this way",https://www.wirlomin.com.au/language-list/
Yoowarl-bili,this side,https://www.wirlomin.com.au/language-list/
Yoowart,"no, not, nothing",https://www.wirlomin.com.au/language-list/
Yoran,content,https://www.wirlomin.com.au/language-list/
